eprintid	eprint_status	created
1	archive	2004-06-07
2	archive	2004-06-07
3	archive	2004-06-01
4	archive	2004-06-07
5	archive	2004-06-07
6	archive	2004-06-07
7	archive	2004-06-07
8	archive	2004-06-07
9	archive	2004-06-07
10	archive	2004-06-07
11	archive	2004-06-07
12	archive	2004-06-07
13	archive	2004-06-07
14	archive	2004-06-07
15	archive	2004-06-07
16	archive	2004-07-08
17	archive	2004-07-08
18	archive	2004-07-08
19	archive	2004-07-08
20	archive	2004-07-08
21	archive	2004-07-08
22	archive	2004-07-08
23	archive	2004-07-08
24	archive	2004-07-08
25	archive	2004-07-08
26	archive	2004-07-08
27	archive	2004-07-08
28	archive	2004-07-09
29	archive	2004-07-09
30	archive	2004-07-19
31	archive	2001-03-28
32	archive	2001-03-28
33	archive	2001-05-04
34	archive	2001-04-04
35	archive	2001-04-05
36	archive	2001-05-16
37	archive	2001-04-09
38	archive	2001-04-09
39	archive	2001-04-11
40	archive	2001-04-12
41	archive	2001-04-16
42	archive	2001-04-20
43	archive	2001-04-25
44	archive	2001-04-23
45	archive	2001-05-08
46	archive	2001-05-08
47	archive	2001-04-24
48	archive	2001-04-26
49	archive	2001-05-08
50	archive	2001-05-08
51	archive	2001-04-30
52	archive	2001-04-26
53	archive	2001-04-26
54	archive	2001-04-26
55	archive	2001-04-27
56	archive	2001-04-27
57	archive	2001-04-27
58	archive	2001-04-30
59	archive	2001-04-30
60	archive	2001-05-01
61	archive	2001-04-30
62	archive	2001-04-30
63	archive	2001-04-30
64	archive	2001-04-30
65	archive	2001-04-30
66	archive	2001-04-30
67	archive	2001-04-30
68	archive	2001-04-30
69	archive	2001-04-30
70	archive	2001-04-30
71	archive	2001-05-01
72	archive	2001-05-01
73	archive	2001-05-01
74	archive	2001-05-01
75	archive	2001-05-01
76	archive	2001-05-01
77	archive	2001-05-01
78	archive	2001-05-02
79	archive	2001-05-02
80	archive	2001-05-02
81	archive	2001-05-02
82	archive	2001-05-02
83	archive	2001-05-02
84	archive	2001-05-04
85	archive	2001-05-04
86	archive	2001-05-06
87	archive	2001-05-07
88	archive	2001-05-07
89	archive	2001-05-07
90	archive	2001-05-07
91	archive	2001-05-08
92	archive	2001-05-08
93	archive	2001-05-09
94	archive	2001-05-09
95	archive	2001-05-11
96	archive	2001-05-22
97	archive	2001-05-14
98	archive	2001-05-14
99	archive	2001-05-15
100	archive	2001-05-15
101	archive	2001-05-17
102	archive	2001-05-18
103	archive	2001-05-18
104	archive	2001-05-22
105	archive	2001-05-23
106	archive	2001-05-23
107	archive	2001-05-24
108	archive	2001-05-24
109	archive	2001-05-24
110	archive	2001-05-24
111	archive	2001-05-25
112	archive	2001-05-25
113	archive	2001-05-29
114	archive	2001-05-27
115	archive	2001-05-27
116	archive	2001-05-27
117	archive	2001-05-28
118	archive	2001-06-03
119	archive	2001-05-29
120	archive	2001-05-29
121	archive	2001-05-29
122	archive	2001-05-29
123	archive	2001-05-31
124	archive	2001-05-31
125	archive	2001-05-31
126	archive	2001-06-01
127	archive	2001-06-01
128	archive	2001-06-01
129	archive	2001-06-01
130	archive	2001-06-03
131	archive	2001-06-05
132	archive	2001-06-06
133	archive	2001-06-07
134	archive	2001-06-11
135	archive	2001-06-13
136	archive	2001-06-13
137	archive	2001-06-14
138	archive	2001-06-14
139	archive	2001-06-16
140	archive	2001-06-17
141	archive	2001-06-20
142	archive	2003-12-09
143	archive	2003-12-09
144	archive	2003-12-09
145	archive	2003-12-09
146	archive	2003-12-09
147	archive	2003-12-09
148	archive	2003-12-09
149	archive	2003-12-09
150	archive	2003-12-09
151	archive	2003-12-09
152	archive	2003-12-09
153	archive	2003-12-09
154	archive	2003-12-09
155	archive	2003-12-09
156	archive	2003-12-09
157	archive	2003-12-09
158	archive	2003-12-09
159	archive	2003-12-09
160	archive	2003-12-09
161	archive	2003-12-09
162	archive	2003-12-09
163	archive	2003-12-10
164	archive	2003-12-10
165	archive	2003-12-10
166	archive	2003-12-10
167	archive	2003-12-10
168	archive	2003-12-10
169	archive	2003-12-10
170	archive	2003-12-10
172	inbox	NULL
173	archive	2012-08-08
174	archive	2012-08-08
175	archive	2012-08-08
176	archive	2012-08-08
177	archive	2012-08-08
178	archive	2012-08-08
179	archive	2012-08-08
180	archive	2012-08-08
181	archive	2012-08-08
182	archive	2012-08-08
183	archive	2012-08-08
184	archive	2012-08-08
185	archive	2012-08-08
186	archive	2012-08-08
187	archive	2012-08-08
188	archive	2012-08-08
189	archive	2012-08-08
190	archive	2012-08-08
191	archive	2012-08-08
192	archive	2012-08-08
193	archive	2012-08-07
194	archive	2012-08-08
195	archive	2012-08-08
196	archive	2012-08-08
197	archive	2012-08-08
198	archive	2012-08-08
199	archive	2012-08-08
200	archive	2012-08-08
201	archive	2012-05-09
202	archive	2012-08-07
203	archive	2012-08-08
204	archive	2012-08-07
205	archive	2012-08-08
206	archive	2012-08-07
207	archive	2012-08-07
208	archive	2012-08-07
209	archive	2012-08-07
210	archive	2012-08-07
211	archive	2012-08-06
212	archive	2012-08-08
213	archive	2012-08-08
214	archive	2012-08-08
215	archive	2012-08-08
216	archive	2012-08-08
218	archive	2012-08-08
219	archive	2012-08-07
220	archive	2012-08-07
221	archive	2012-08-07
222	archive	2012-08-07
223	archive	2012-08-06
224	archive	2012-08-07
225	archive	2012-08-06
226	archive	2012-08-06
227	archive	2012-08-06
228	archive	2012-08-06
229	archive	2012-08-06
230	archive	2012-08-06
231	archive	2012-05-09
232	archive	2012-05-09
233	archive	2012-05-09
234	archive	2012-05-09
235	archive	2012-05-09
236	archive	2012-05-09
237	archive	2012-05-09
238	archive	2012-05-09
239	archive	2012-05-09
240	archive	2012-05-09
241	archive	2012-05-09
242	archive	2012-05-09
243	inbox	NULL
246	inbox	NULL
248	deletion	2013-07-17
249	deletion	2013-07-17
250	deletion	2013-07-17
